BBBP,000,/etc/release
BBBP,001,/etc/release,"DISTRIB_ID=Ubuntu"
BBBP,002,/etc/release,"DISTRIB_RELEASE=12.04"
BBBP,003,/etc/release,"DISTRIB_CODENAME=precise"
BBBP,004,/etc/release,"DISTRIB_DESCRIPTION="Ubuntu 12.04.1 LTS""
BBBP,005,/etc/release,"NAME="Ubuntu""
BBBP,006,/etc/release,"VERSION="12.04.1 LTS, Precise Pangolin""
BBBP,007,/etc/release,"ID=ubuntu"
BBBP,008,/etc/release,"ID_LIKE=debian"
BBBP,009,/etc/release,"PRETTY_NAME="Ubuntu precise (12.04.1 LTS)""
BBBP,010,/etc/release,"VERSION_ID="12.04""
BBBP,011,lsb_release
BBBP,012,lsb_release,"LSB Version:	core-2.0-amd64:core-2.0-noarch:core-3.0-amd64:core-3.0-noarch:core-3.1-amd64:core-3.1-noarch:core-3.2-amd64:core-3.2-noarch:core-4.0-amd64:core-4.0-noarch"
BBBP,013,lsb_release,"Distributor ID:	Ubuntu"
BBBP,014,lsb_release,"Description:	Ubuntu 12.04.1 LTS"
BBBP,015,lsb_release,"Release:	12.04"
BBBP,016,lsb_release,"Codename:	precise"
BBBP,017,fdisk-l
BBBP,018,/proc/cpuinfo
BBBP,019,/proc/cpuinfo,"processor	: 0"
BBBP,020,/proc/cpuinfo,"vendor_id	: AuthenticAMD"
BBBP,021,/proc/cpuinfo,"cpu family	: 16"
BBBP,022,/proc/cpuinfo,"model		: 10"
BBBP,023,/proc/cpuinfo,"model name	: AMD Phenom(tm) II X6 1100T Processor"
BBBP,024,/proc/cpuinfo,"stepping	: 0"
BBBP,025,/proc/cpuinfo,"microcode	: 0x10000bf"
BBBP,026,/proc/cpuinfo,"cpu MHz		: 800.000"
BBBP,027,/proc/cpuinfo,"cache size	: 512 KB"
BBBP,028,/proc/cpuinfo,"physical id	: 0"
BBBP,029,/proc/cpuinfo,"siblings	: 6"
BBBP,030,/proc/cpuinfo,"core id		: 0"
BBBP,031,/proc/cpuinfo,"cpu cores	: 6"
BBBP,032,/proc/cpuinfo,"apicid		: 0"
BBBP,033,/proc/cpuinfo,"initial apicid	: 0"
BBBP,034,/proc/cpuinfo,"fpu		: yes"
BBBP,035,/proc/cpuinfo,"fpu_exception	: yes"
BBBP,036,/proc/cpuinfo,"cpuid level	: 6"
BBBP,037,/proc/cpuinfo,"wp		: yes"
BBBP,038,/proc/cpuinfo,"flags		: fpu vme de pse tsc msr pae mce cx8 apic sep mtrr pge mca cmov pat pse36 clflush mmx fxsr sse sse2 ht syscall nx mmxext fxsr_opt pdpe1gb rdtscp lm 3dnowext 3dnow constant_tsc rep_good nopl nonstop_tsc extd_apicid aperfmperf pni monitor cx16 popcnt lahf_lm cmp_legacy svm extapic cr8_legacy abm sse4a misalignsse 3dnowprefetch osvw ibs skinit wdt cpb npt lbrv svm_lock nrip_save pausefilter"
BBBP,039,/proc/cpuinfo,"bogomips	: 6600.08"
BBBP,040,/proc/cpuinfo,"TLB size	: 1024 4K pages"
BBBP,041,/proc/cpuinfo,"clflush size	: 64"
BBBP,042,/proc/cpuinfo,"cache_alignment	: 64"
BBBP,043,/proc/cpuinfo,"address sizes	: 48 bits physical, 48 bits virtual"
BBBP,044,/proc/cpuinfo,"power management: ts ttp tm stc 100mhzsteps hwpstate cpb"
BBBP,045,/proc/cpuinfo,""
BBBP,046,/proc/cpuinfo,"processor	: 1"
BBBP,047,/proc/cpuinfo,"vendor_id	: AuthenticAMD"
BBBP,048,/proc/cpuinfo,"cpu family	: 16"
BBBP,049,/proc/cpuinfo,"model		: 10"
BBBP,050,/proc/cpuinfo,"model name	: AMD Phenom(tm) II X6 1100T Processor"
BBBP,051,/proc/cpuinfo,"stepping	: 0"
BBBP,052,/proc/cpuinfo,"microcode	: 0x10000bf"
BBBP,053,/proc/cpuinfo,"cpu MHz		: 800.000"
BBBP,054,/proc/cpuinfo,"cache size	: 512 KB"
BBBP,055,/proc/cpuinfo,"physical id	: 0"
BBBP,056,/proc/cpuinfo,"siblings	: 6"
BBBP,057,/proc/cpuinfo,"core id		: 1"
BBBP,058,/proc/cpuinfo,"cpu cores	: 6"
BBBP,059,/proc/cpuinfo,"apicid		: 1"
BBBP,060,/proc/cpuinfo,"initial apicid	: 1"
BBBP,061,/proc/cpuinfo,"fpu		: yes"
BBBP,062,/proc/cpuinfo,"fpu_exception	: yes"
BBBP,063,/proc/cpuinfo,"cpuid level	: 6"
BBBP,064,/proc/cpuinfo,"wp		: yes"
BBBP,065,/proc/cpuinfo,"flags		: fpu vme de pse tsc msr pae mce cx8 apic sep mtrr pge mca cmov pat pse36 clflush mmx fxsr sse sse2 ht syscall nx mmxext fxsr_opt pdpe1gb rdtscp lm 3dnowext 3dnow constant_tsc rep_good nopl nonstop_tsc extd_apicid aperfmperf pni monitor cx16 popcnt lahf_lm cmp_legacy svm extapic cr8_legacy abm sse4a misalignsse 3dnowprefetch osvw ibs skinit wdt cpb npt lbrv svm_lock nrip_save pausefilter"
BBBP,066,/proc/cpuinfo,"bogomips	: 6600.45"
BBBP,067,/proc/cpuinfo,"TLB size	: 1024 4K pages"
BBBP,068,/proc/cpuinfo,"clflush size	: 64"
BBBP,069,/proc/cpuinfo,"cache_alignment	: 64"
BBBP,070,/proc/cpuinfo,"address sizes	: 48 bits physical, 48 bits virtual"
BBBP,071,/proc/cpuinfo,"power management: ts ttp tm stc 100mhzsteps hwpstate cpb"
BBBP,072,/proc/cpuinfo,""
BBBP,073,/proc/cpuinfo,"processor	: 2"
BBBP,074,/proc/cpuinfo,"vendor_id	: AuthenticAMD"
BBBP,075,/proc/cpuinfo,"cpu family	: 16"
BBBP,076,/proc/cpuinfo,"model		: 10"
BBBP,077,/proc/cpuinfo,"model name	: AMD Phenom(tm) II X6 1100T Processor"
BBBP,078,/proc/cpuinfo,"stepping	: 0"
BBBP,079,/proc/cpuinfo,"microcode	: 0x10000bf"
BBBP,080,/proc/cpuinfo,"cpu MHz		: 800.000"
BBBP,081,/proc/cpuinfo,"cache size	: 512 KB"
BBBP,082,/proc/cpuinfo,"physical id	: 0"
BBBP,083,/proc/cpuinfo,"siblings	: 6"
BBBP,084,/proc/cpuinfo,"core id		: 2"
BBBP,085,/proc/cpuinfo,"cpu cores	: 6"
BBBP,086,/proc/cpuinfo,"apicid		: 2"
BBBP,087,/proc/cpuinfo,"initial apicid	: 2"
BBBP,088,/proc/cpuinfo,"fpu		: yes"
BBBP,089,/proc/cpuinfo,"fpu_exception	: yes"
BBBP,090,/proc/cpuinfo,"cpuid level	: 6"
BBBP,091,/proc/cpuinfo,"wp		: yes"
BBBP,092,/proc/cpuinfo,"flags		: fpu vme de pse tsc msr pae mce cx8 apic sep mtrr pge mca cmov pat pse36 clflush mmx fxsr sse sse2 ht syscall nx mmxext fxsr_opt pdpe1gb rdtscp lm 3dnowext 3dnow constant_tsc rep_good nopl nonstop_tsc extd_apicid aperfmperf pni monitor cx16 popcnt lahf_lm cmp_legacy svm extapic cr8_legacy abm sse4a misalignsse 3dnowprefetch osvw ibs skinit wdt cpb npt lbrv svm_lock nrip_save pausefilter"
BBBP,093,/proc/cpuinfo,"bogomips	: 6600.45"
BBBP,094,/proc/cpuinfo,"TLB size	: 1024 4K pages"
BBBP,095,/proc/cpuinfo,"clflush size	: 64"
BBBP,096,/proc/cpuinfo,"cache_alignment	: 64"
BBBP,097,/proc/cpuinfo,"address sizes	: 48 bits physical, 48 bits virtual"
BBBP,098,/proc/cpuinfo,"power management: ts ttp tm stc 100mhzsteps hwpstate cpb"
BBBP,099,/proc/cpuinfo,""
BBBP,100,/proc/cpuinfo,"processor	: 3"
BBBP,101,/proc/cpuinfo,"vendor_id	: AuthenticAMD"
BBBP,102,/proc/cpuinfo,"cpu family	: 16"
BBBP,103,/proc/cpuinfo,"model		: 10"
BBBP,104,/proc/cpuinfo,"model name	: AMD Phenom(tm) II X6 1100T Processor"
BBBP,105,/proc/cpuinfo,"stepping	: 0"
BBBP,106,/proc/cpuinfo,"microcode	: 0x10000bf"
BBBP,107,/proc/cpuinfo,"cpu MHz		: 800.000"
BBBP,108,/proc/cpuinfo,"cache size	: 512 KB"
BBBP,109,/proc/cpuinfo,"physical id	: 0"
BBBP,110,/proc/cpuinfo,"siblings	: 6"
BBBP,111,/proc/cpuinfo,"core id		: 3"
BBBP,112,/proc/cpuinfo,"cpu cores	: 6"
BBBP,113,/proc/cpuinfo,"apicid		: 3"
BBBP,114,/proc/cpuinfo,"initial apicid	: 3"
BBBP,115,/proc/cpuinfo,"fpu		: yes"
BBBP,116,/proc/cpuinfo,"fpu_exception	: yes"
BBBP,117,/proc/cpuinfo,"cpuid level	: 6"
BBBP,118,/proc/cpuinfo,"wp		: yes"
BBBP,119,/proc/cpuinfo,"flags		: fpu vme de pse tsc msr pae mce cx8 apic sep mtrr pge mca cmov pat pse36 clflush mmx fxsr sse sse2 ht syscall nx mmxext fxsr_opt pdpe1gb rdtscp lm 3dnowext 3dnow constant_tsc rep_good nopl nonstop_tsc extd_apicid aperfmperf pni monitor cx16 popcnt lahf_lm cmp_legacy svm extapic cr8_legacy abm sse4a misalignsse 3dnowprefetch osvw ibs skinit wdt cpb npt lbrv svm_lock nrip_save pausefilter"
BBBP,120,/proc/cpuinfo,"bogomips	: 6600.45"
BBBP,121,/proc/cpuinfo,"TLB size	: 1024 4K pages"
BBBP,122,/proc/cpuinfo,"clflush size	: 64"
BBBP,123,/proc/cpuinfo,"cache_alignment	: 64"
BBBP,124,/proc/cpuinfo,"address sizes	: 48 bits physical, 48 bits virtual"
BBBP,125,/proc/cpuinfo,"power management: ts ttp tm stc 100mhzsteps hwpstate cpb"
BBBP,126,/proc/cpuinfo,""
BBBP,127,/proc/cpuinfo,"processor	: 4"
BBBP,128,/proc/cpuinfo,"vendor_id	: AuthenticAMD"
BBBP,129,/proc/cpuinfo,"cpu family	: 16"
BBBP,130,/proc/cpuinfo,"model		: 10"
BBBP,131,/proc/cpuinfo,"model name	: AMD Phenom(tm) II X6 1100T Processor"
BBBP,132,/proc/cpuinfo,"stepping	: 0"
BBBP,133,/proc/cpuinfo,"microcode	: 0x10000bf"
BBBP,134,/proc/cpuinfo,"cpu MHz		: 800.000"
BBBP,135,/proc/cpuinfo,"cache size	: 512 KB"
BBBP,136,/proc/cpuinfo,"physical id	: 0"
BBBP,137,/proc/cpuinfo,"siblings	: 6"
BBBP,138,/proc/cpuinfo,"core id		: 4"
BBBP,139,/proc/cpuinfo,"cpu cores	: 6"
BBBP,140,/proc/cpuinfo,"apicid		: 4"
BBBP,141,/proc/cpuinfo,"initial apicid	: 4"
BBBP,142,/proc/cpuinfo,"fpu		: yes"
BBBP,143,/proc/cpuinfo,"fpu_exception	: yes"
BBBP,144,/proc/cpuinfo,"cpuid level	: 6"
BBBP,145,/proc/cpuinfo,"wp		: yes"
BBBP,146,/proc/cpuinfo,"flags		: fpu vme de pse tsc msr pae mce cx8 apic sep mtrr pge mca cmov pat pse36 clflush mmx fxsr sse sse2 ht syscall nx mmxext fxsr_opt pdpe1gb rdtscp lm 3dnowext 3dnow constant_tsc rep_good nopl nonstop_tsc extd_apicid aperfmperf pni monitor cx16 popcnt lahf_lm cmp_legacy svm extapic cr8_legacy abm sse4a misalignsse 3dnowprefetch osvw ibs skinit wdt cpb npt lbrv svm_lock nrip_save pausefilter"
BBBP,147,/proc/cpuinfo,"bogomips	: 6600.46"
BBBP,148,/proc/cpuinfo,"TLB size	: 1024 4K pages"
BBBP,149,/proc/cpuinfo,"clflush size	: 64"
BBBP,150,/proc/cpuinfo,"cache_alignment	: 64"
BBBP,151,/proc/cpuinfo,"address sizes	: 48 bits physical, 48 bits virtual"
BBBP,152,/proc/cpuinfo,"power management: ts ttp tm stc 100mhzsteps hwpstate cpb"
BBBP,153,/proc/cpuinfo,""
BBBP,154,/proc/cpuinfo,"processor	: 5"
BBBP,155,/proc/cpuinfo,"vendor_id	: AuthenticAMD"
BBBP,156,/proc/cpuinfo,"cpu family	: 16"
BBBP,157,/proc/cpuinfo,"model		: 10"
BBBP,158,/proc/cpuinfo,"model name	: AMD Phenom(tm) II X6 1100T Processor"
BBBP,159,/proc/cpuinfo,"stepping	: 0"
BBBP,160,/proc/cpuinfo,"microcode	: 0x10000bf"
BBBP,161,/proc/cpuinfo,"cpu MHz		: 800.000"
BBBP,162,/proc/cpuinfo,"cache size	: 512 KB"
BBBP,163,/proc/cpuinfo,"physical id	: 0"
BBBP,164,/proc/cpuinfo,"siblings	: 6"
BBBP,165,/proc/cpuinfo,"core id		: 5"
BBBP,166,/proc/cpuinfo,"cpu cores	: 6"
BBBP,167,/proc/cpuinfo,"apicid		: 5"
BBBP,168,/proc/cpuinfo,"initial apicid	: 5"
BBBP,169,/proc/cpuinfo,"fpu		: yes"
BBBP,170,/proc/cpuinfo,"fpu_exception	: yes"
BBBP,171,/proc/cpuinfo,"cpuid level	: 6"
BBBP,172,/proc/cpuinfo,"wp		: yes"
BBBP,173,/proc/cpuinfo,"flags		: fpu vme de pse tsc msr pae mce cx8 apic sep mtrr pge mca cmov pat pse36 clflush mmx fxsr sse sse2 ht syscall nx mmxext fxsr_opt pdpe1gb rdtscp lm 3dnowext 3dnow constant_tsc rep_good nopl nonstop_tsc extd_apicid aperfmperf pni monitor cx16 popcnt lahf_lm cmp_legacy svm extapic cr8_legacy abm sse4a misalignsse 3dnowprefetch osvw ibs skinit wdt cpb npt lbrv svm_lock nrip_save pausefilter"
BBBP,174,/proc/cpuinfo,"bogomips	: 6600.43"
BBBP,175,/proc/cpuinfo,"TLB size	: 1024 4K pages"
BBBP,176,/proc/cpuinfo,"clflush size	: 64"
BBBP,177,/proc/cpuinfo,"cache_alignment	: 64"
BBBP,178,/proc/cpuinfo,"address sizes	: 48 bits physical, 48 bits virtual"
BBBP,179,/proc/cpuinfo,"power management: ts ttp tm stc 100mhzsteps hwpstate cpb"
BBBP,180,/proc/cpuinfo,""
BBBP,181,/proc/meminfo
BBBP,182,/proc/meminfo,"MemTotal:       16304688 kB"
BBBP,183,/proc/meminfo,"MemFree:         7291876 kB"
BBBP,184,/proc/meminfo,"Buffers:          658908 kB"
BBBP,185,/proc/meminfo,"Cached:          4428840 kB"
BBBP,186,/proc/meminfo,"SwapCached:            0 kB"
BBBP,187,/proc/meminfo,"Active:          5011144 kB"
BBBP,188,/proc/meminfo,"Inactive:        3038352 kB"
BBBP,189,/proc/meminfo,"Active(anon):    2964252 kB"
BBBP,190,/proc/meminfo,"Inactive(anon):    26488 kB"
BBBP,191,/proc/meminfo,"Active(file):    2046892 kB"
BBBP,192,/proc/meminfo,"Inactive(file):  3011864 kB"
BBBP,193,/proc/meminfo,"Unevictable:           0 kB"
BBBP,194,/proc/meminfo,"Mlocked:               0 kB"
BBBP,195,/proc/meminfo,"SwapTotal:      14274556 kB"
BBBP,196,/proc/meminfo,"SwapFree:       14274556 kB"
BBBP,197,/proc/meminfo,"Dirty:               468 kB"
BBBP,198,/proc/meminfo,"Writeback:             0 kB"
BBBP,199,/proc/meminfo,"AnonPages:       2961532 kB"
BBBP,200,/proc/meminfo,"Mapped:           356136 kB"
BBBP,201,/proc/meminfo,"Shmem:             29052 kB"
BBBP,202,/proc/meminfo,"Slab:             634104 kB"
BBBP,203,/proc/meminfo,"SReclaimable:     580340 kB"
BBBP,204,/proc/meminfo,"SUnreclaim:        53764 kB"
BBBP,205,/proc/meminfo,"KernelStack:        5296 kB"
BBBP,206,/proc/meminfo,"PageTables:        50464 kB"
BBBP,207,/proc/meminfo,"NFS_Unstable:          0 kB"
BBBP,208,/proc/meminfo,"Bounce:                0 kB"
BBBP,209,/proc/meminfo,"WritebackTmp:          0 kB"
BBBP,210,/proc/meminfo,"CommitLimit:    22426900 kB"
BBBP,211,/proc/meminfo,"Committed_AS:    6420192 kB"
BBBP,212,/proc/meminfo,"VmallocTotal:   34359738367 kB"
BBBP,213,/proc/meminfo,"VmallocUsed:      345912 kB"
BBBP,214,/proc/meminfo,"VmallocChunk:   34359385084 kB"
BBBP,215,/proc/meminfo,"HardwareCorrupted:     0 kB"
BBBP,216,/proc/meminfo,"AnonHugePages:         0 kB"
BBBP,217,/proc/meminfo,"HugePages_Total:       0"
BBBP,218,/proc/meminfo,"HugePages_Free:        0"
BBBP,219,/proc/meminfo,"HugePages_Rsvd:        0"
BBBP,220,/proc/meminfo,"HugePages_Surp:        0"
BBBP,221,/proc/meminfo,"Hugepagesize:       2048 kB"
BBBP,222,/proc/meminfo,"DirectMap4k:      523840 kB"
BBBP,223,/proc/meminfo,"DirectMap2M:     9961472 kB"
BBBP,224,/proc/meminfo,"DirectMap1G:     6291456 kB"
BBBP,225,/proc/stat
BBBP,226,/proc/stat,"cpu  3389475 715364 1932331 26802969 53714 727 56950 0 0 0"
BBBP,227,/proc/stat,"cpu0 568599 138741 343048 4456883 7099 3 203 0 0 0"
BBBP,228,/proc/stat,"cpu1 561234 144372 367188 4436681 4953 4 164 0 0 0"
BBBP,229,/proc/stat,"cpu2 553544 139675 346526 4477002 3397 7 172 0 0 0"
BBBP,230,/proc/stat,"cpu3 539329 107851 280147 4591076 2720 18 330 0 0 0"
BBBP,231,/proc/stat,"cpu4 499644 97736 266965 4651669 2566 90 1477 0 0 0"
BBBP,232,/proc/stat,"cpu5 667122 86987 328454 4189655 32977 602 54602 0 0 0"
BBBP,233,/proc/stat,"intr 168774687 24691744 3 0 0 4 0 0 1 1 0 0 0 4 0 316975 0 2934 752753 12903 0 0 0 0 0 7635391 0 0 0 0 0 0 0 0 0 0 0 0 0 0 0 0 0 0 0 870 0 0 0 0 0 0 0 0 0 0 0 0 0 0 0 0 0 0 0 0 0 0 0 0 0 0 0 162886 1 0 0 0 0 0 0 2465628 0 0 0 0 0 0 0 0 0 0 0 0 0 0 0 0 0 0 0 0 0 0 0 0 0 0 0 0 0 0 0 0 0 0 0 0 0 0 0 0 0 0 0 0 0 0 0 0 0 0 0 0 0 0 0 0 0 0 0 0 0 0 0 0 0 0 0 0 0 0 0 0 0 0 0 0 0 0 0 0 0 0 0 0 0 0 0 0 0 0 0 0 0 0 0 0 0 0 0 0 0 0 0 0 0 0 0 0 0 0 0 0 0 0 0 0 0 0 0 0 0 0 0 0 0 0 0 0 0 0 0 0 0 0 0 0 0 0 0 0 0 0 0 0 0 0 0 0 0 0 0 0 0 0 0 0 0 0 0 0 0 0 0 0 0 0 0 0 0 0 0 0 0 0 0 0 0 0 0 0 0 0 0 0 0 0 0 0 0 0 0 0 0 0 0 0 0 0 0 0 0 0 0 0 0 0 0 0 0 0 0 0 0 0 0 0 0 0 0 0 0 0 0 0 0 0 0 0 0 0 0 0 0 0 0 0 0 0 0 0 0 0 0 0 0 0 0 0 0 0 0 0 0 0 0 0 0 0 0 0 0 0 0 0 0 0 0 0 0 0 0 0 0 0 0 0 0 0 0 0 0 0 0 0 0 0 0 0 0 0 0 0 0 0 0 0 0 0 0 0 0 0 0 0 0 0 0 0 0 0 0 0 0 0 0 0 0 0 0 0 0 0 0 0 0 0 0 0 0 0 0 0 0 0 0 0 0 0 0 0 0 0 0 0 0 0 0 0 0 0 0 0 0 0 0 0 0 0 0 0 0 0 0 0 0 0 0 0 0 0 0 0 0 0 0 0 0 0 0 0 0 0 0 0 0 0 0 0 0 0 0 0 0 0 0 0 0 0 0 0 0 0 0 0 0 0 0 0 0 0 0 0 0 0 0 0 0 0 0 0 0 0 0 0 0 0 0 0 0 0 0 0 0 0 0 0 0 0 0 0 0 0 0 0 0 0 0 0 0 0 0 0 0 0 0 0 0 0 0 0 0 0 0 0 0 0 0 0 0 0 0 0 0 0 0 0 0 0 0 0 0 0 0 0 0 0 0 0 0 0 0 0 0 0 0 0 0 0 0 0 0 0 0 0 0 0 0 0 0 0 0 0 0 0 0 0 0 0 0 0 0 0 0 0 0 0 0 0 0 0 0 0 0 0 0 0 0 0 0 0 0 0 0 0 0 0 0 0 0 0 0 0 0 0 0 0 0 0 0 0 0 0 0 0 0 0 0 0 0 0 0 0 0 0 0 0 0 0 0 0 0 0 0 0 0 0 0 0 0 0 0 0 0 0 0 0 0 0 0 0 0 0 0 0 0 0 0 0 0 0 0 0 0 0 0 0 0 0 0 0 0 0 0 0 0 0 0 0 0 0 0 0 0 0 0 0 0 0 0 0 0 0 0 0 0 0 0 0 0 0 0 0 0 0 0 0 0 0 0 0 0 0 0 0 0 0 0 0 0 0 0 0 0 0 0 0 0 0 0 0 0 0 0 0 0 0 0 0 0 0 0 0 0 0 0 0 0 0 0 0 0 0 0 0 0 0 0 0 0 0 0 0 0 0 0 0 0 0 0 0 0 0 0 0 0 0 0 0 0 0 0 0 0 0 0 0 0 0 0 0 0 0 0 0 0 0 0 0 0 0 0 0 0 0 0 0 0 0 0 0 0 0 0 0 0 0 0 0 0 0 0 0 0 0 0 0 0 0 0 0 0 0 0 0 0 0 0 0 0 0 0 0 0 0 0 0 0 0 0 0 0 0 0 0 0 0 0 0 0 0 0 0 0 0 0 0 0 0 0 0 0 0 0 0 0 0 0 0 0 0 0 0 0 0 0 0 0 0 0 0 0 0 0 0 0 0 0 0 0 0 0 0 0 0 0 0 0 0 0 0 0 0 0 0 0 0 0 0 0 0 0 0 0 0 0 0 0 0 0 0 0 0 0 0 0 0 0 0 0 0 0 0 0 0 0 0 0 0 0 0 0 0 0 0 0 0 0 0 0 0 0 0 0 0 0 0 0 0 0 0 0 0 0 0 0 0 0 0 0 0 0 0 0 0 0 0 0 0 0 0 0 0 0 0 0 0 0 0 0 0 0 0 0 0 0 0 0 0 0 0 0 0 0 0 0 0 0 0 0 0 0 0 0 0 0 0 0 0 0 0 0 0 0 0 0 0 0 0 0 0 0 0 0 0 0 0 0 0 0 0 0 0 0 0 0 0 0 0 0 0 0 0 0 0 0 0 0 0 0 0 0 0 0 0 0 0 0 0 0 0 0 0 0 0 0 0 0 0 0 0 0 0 0 0 0 0 0 0 0 0 0 0 0 0 0 0 0 0 0 0 0 0 0 0 0 0 0 0 0 0 0 0 0 0 0 0 0 0 0 0 0 0 0 0 0 0 0 0 0 0 0 0 0 0 0 0 0 0 0 0 0 0 0 0 0 0 0 0 0 0 0 0 0 0 0 0 0 0 0 0 0 0 0 0 0 0 0 0 0 0 0 0 0 0 0 0 0 0 0 0 0 0 0 0 0 0 0 0 0 0 0 0 0 0 0 0 0 0 0 0 0 0 0 0 0 0 0 0 0 0 0 0 0 0 0 0 0 0 0 0 0 0 0 0 0 0 0 0 0 0 0"
BBBP,234,/proc/stat,"ctxt 234479277"
BBBP,235,/proc/stat,"btime 1354848754"
BBBP,236,/proc/stat,"processes 53286"
BBBP,237,/proc/stat,"procs_running 2"
BBBP,238,/proc/stat,"procs_blocked 0"
BBBP,239,/proc/stat,"softirq 45880732 0 19247260 9344 2675186 589296 0 7625148 8118247 80708 7535543"
BBBP,240,/proc/version
BBBP,241,/proc/version,"Linux version 3.2.0-34-generic (buildd@allspice) (gcc version 4.6.3 (Ubuntu/Linaro 4.6.3-1ubuntu5) ) #53-Ubuntu SMP Thu Nov 15 10:48:16 UTC 2012"
BBBP,242,/proc/net/dev
BBBP,243,/proc/net/dev,"Inter-|   Receive                                                |  Transmit"
BBBP,244,/proc/net/dev," face |bytes    packets errs drop fifo frame compressed multicast|bytes    packets errs drop fifo colls carrier compressed"
BBBP,245,/proc/net/dev,"    lo: 8587207   44362    0    0    0     0          0         0  8587207   44362    0    0    0     0       0          0"
BBBP,246,/proc/net/dev,"vmnet8:       0       0    0    0    0     0          0         0        0    1979    0    0    0     0       0          0"
BBBP,247,/proc/net/dev,"  eth1:       0       0    0    0    0     0          0         0        0       0    0    0    0     0       0          0"
BBBP,248,/proc/net/dev,"   tun: 146786761  157708    0    0    0     0          0         0 18998425  109544    0    0    0     0       0          0"
BBBP,249,/proc/net/dev,"  eth0: 2799593262 2159220    0    0    0     0          0         0 180773532 1160109    0    0    0     0       0          0"
BBBP,250,/proc/net/dev,"vmnet1:       0       0    0    0    0     0          0         0        0    1979    0    0    0     0       0          0"
BBBP,251,/proc/diskinfo
BBBP,252,/proc/diskstats
BBBP,253,/proc/diskstats,"   1       0 ram0 0 0 0 0 0 0 0 0 0 0 0"
BBBP,254,/proc/diskstats,"   1       1 ram1 0 0 0 0 0 0 0 0 0 0 0"
BBBP,255,/proc/diskstats,"   1       2 ram2 0 0 0 0 0 0 0 0 0 0 0"
BBBP,256,/proc/diskstats,"   1       3 ram3 0 0 0 0 0 0 0 0 0 0 0"
BBBP,257,/proc/diskstats,"   1       4 ram4 0 0 0 0 0 0 0 0 0 0 0"
BBBP,258,/proc/diskstats,"   1       5 ram5 0 0 0 0 0 0 0 0 0 0 0"
BBBP,259,/proc/diskstats,"   1       6 ram6 0 0 0 0 0 0 0 0 0 0 0"
BBBP,260,/proc/diskstats,"   1       7 ram7 0 0 0 0 0 0 0 0 0 0 0"
BBBP,261,/proc/diskstats,"   1       8 ram8 0 0 0 0 0 0 0 0 0 0 0"
BBBP,262,/proc/diskstats,"   1       9 ram9 0 0 0 0 0 0 0 0 0 0 0"
BBBP,263,/proc/diskstats,"   1      10 ram10 0 0 0 0 0 0 0 0 0 0 0"
BBBP,264,/proc/diskstats,"   1      11 ram11 0 0 0 0 0 0 0 0 0 0 0"
BBBP,265,/proc/diskstats,"   1      12 ram12 0 0 0 0 0 0 0 0 0 0 0"
BBBP,266,/proc/diskstats,"   1      13 ram13 0 0 0 0 0 0 0 0 0 0 0"
BBBP,267,/proc/diskstats,"   1      14 ram14 0 0 0 0 0 0 0 0 0 0 0"
BBBP,268,/proc/diskstats,"   1      15 ram15 0 0 0 0 0 0 0 0 0 0 0"
BBBP,269,/proc/diskstats,"   7       0 loop0 0 0 0 0 0 0 0 0 0 0 0"
BBBP,270,/proc/diskstats,"   7       1 loop1 0 0 0 0 0 0 0 0 0 0 0"
BBBP,271,/proc/diskstats,"   7       2 loop2 0 0 0 0 0 0 0 0 0 0 0"
BBBP,272,/proc/diskstats,"   7       3 loop3 0 0 0 0 0 0 0 0 0 0 0"
BBBP,273,/proc/diskstats,"   7       4 loop4 0 0 0 0 0 0 0 0 0 0 0"
BBBP,274,/proc/diskstats,"   7       5 loop5 0 0 0 0 0 0 0 0 0 0 0"
BBBP,275,/proc/diskstats,"   7       6 loop6 0 0 0 0 0 0 0 0 0 0 0"
BBBP,276,/proc/diskstats,"   7       7 loop7 0 0 0 0 0 0 0 0 0 0 0"
BBBP,277,/proc/diskstats,"   8       0 sda 88807 1742 3269810 81452 88106 464728 4385232 299008 0 28532 380320"
BBBP,278,/proc/diskstats,"   8       1 sda1 88476 1711 3266914 81336 83343 464728 4385232 298176 0 27704 379380"
BBBP,279,/proc/diskstats,"   8       2 sda2 165 31 1568 68 0 0 0 0 0 68 68"
BBBP,280,/proc/diskstats,"   8      16 sdb 5911 129 49215 37380 2912 5575 214432 52488 0 10548 89924"
BBBP,281,/proc/diskstats,"   8      32 sdc 7595 229 85224 52112 2819 5666 214432 51324 0 14032 103492"
BBBP,282,/proc/diskstats,"   8      48 sdd 507 2315 4068 628 0 0 0 0 0 492 624"
BBBP,283,/proc/diskstats,"   8      49 sdd1 310 1159 2470 208 0 0 0 0 0 208 208"
BBBP,284,/proc/diskstats,"   8      50 sdd2 165 1153 1318 324 0 0 0 0 0 324 324"
BBBP,285,/proc/diskstats,"  11       0 sr0 0 0 0 0 0 0 0 0 0 0 0"
BBBP,286,/proc/diskstats,"   9       0 md0 13778 0 133863 0 8540 0 213744 0 0 0 0"
BBBP,287,/proc/diskstats,"   8      64 sde 89129 2906 1177668 568040 205869 821400 8159008 8080556 0 728352 8652672"
BBBP,288,/proc/diskstats,"   8      65 sdb1 88964 2906 1176348 567872 197286 821400 8159008 7980064 0 640164 8552024"
BBBP,289,/proc/diskstats," 252       0 dm-0 13735 0 133290 105388 8516 0 213744 806392 0 16904 911784"
BBBP,290,/proc/diskstats,"   8      80 sdf 0 0 0 0 0 0 0 0 0 0 0"
BBBP,291,/proc/partitions
BBBP,292,/proc/partitions,"major minor  #blocks  name"
BBBP,293,/proc/partitions,""
BBBP,294,/proc/partitions,"   8        0  117220824 sda"
BBBP,295,/proc/partitions,"   8        1  102944768 sda1"
BBBP,296,/proc/partitions,"   8        2   14274560 sda2"
BBBP,297,/proc/partitions,"   8       16 1953514584 sdb"
BBBP,298,/proc/partitions,"   8       32 1953514584 sdc"
BBBP,299,/proc/partitions,"   8       48 1953514584 sdd"
BBBP,300,/proc/partitions,"   8       49 1637039533 sdd1"
BBBP,301,/proc/partitions,"   8       50  316472467 sdd2"
BBBP,302,/proc/partitions,"  11        0    1048575 sr0"
BBBP,303,/proc/partitions,"   9        0 1953514496 md0"
BBBP,304,/proc/partitions,"   8       64  293036184 sde"
BBBP,305,/proc/partitions,"   8       65  285793568 sdb1"
BBBP,306,/proc/partitions," 252        0 1953513468 dm-0"
BBBP,307,/proc/1/stat
BBBP,308,/proc/1/stat,"1 (init) S 0 1 1 0 -1 4202752 23823 83442336 23 2334 37 152 2992572 1191242 20 0 1 0 2 25309184 651 18446744073709551615 1 1 0 0 0 0 0 4096 536962595 18446744073709551615 0 0 17 0 0 0 3 0 0"
BBBP,309,/proc/1/statm
BBBP,310,/proc/1/statm,"6179 651 323 38 0 346 0"
BBBP,311,/proc/net/rpc/nfs
BBBP,312,/proc/net/rpc/nfs,"net 0 0 0 0"
BBBP,313,/proc/net/rpc/nfs,"rpc 0 0 0"
BBBP,314,/proc/net/rpc/nfs,"proc2 18 0 0 0 0 0 0 0 0 0 0 0 0 0 0 0 0 0 0"
BBBP,315,/proc/net/rpc/nfs,"proc3 22 0 0 0 0 0 0 0 0 0 0 0 0 0 0 0 0 0 0 0 0 0 0"
BBBP,316,/proc/net/rpc/nfs,"proc4 37 0 0 0 0 0 0 0 0 0 0 0 0 0 0 0 0 0 0 0 0 0 0 0 0 0 0 0 0 0 0 0 0 0 0 0 0 0"
BBBP,317,/proc/net/rpc/nfsd
BBBP,318,/proc/net/rpc/nfsd,"rc 0 0 1"
BBBP,319,/proc/net/rpc/nfsd,"fh 0 0 0 0 0"
BBBP,320,/proc/net/rpc/nfsd,"io 0 0"
BBBP,321,/proc/net/rpc/nfsd,"th 8 0 0.000 0.000 0.000 0.000 0.000 0.000 0.000 0.000 0.000 0.000"
BBBP,322,/proc/net/rpc/nfsd,"ra 32 0 0 0 0 0 0 0 0 0 0 0"
BBBP,323,/proc/net/rpc/nfsd,"net 1 1 0 0"
BBBP,324,/proc/net/rpc/nfsd,"rpc 1 0 0 0 0"
BBBP,325,/proc/net/rpc/nfsd,"proc2 18 0 0 0 0 0 0 0 0 0 0 0 0 0 0 0 0 0 0"
BBBP,326,/proc/net/rpc/nfsd,"proc3 22 1 0 0 0 0 0 0 0 0 0 0 0 0 0 0 0 0 0 0 0 0 0"
BBBP,327,/proc/net/rpc/nfsd,"proc4 2 0 0"
BBBP,328,/proc/net/rpc/nfsd,"proc4ops 59 0 0 0 0 0 0 0 0 0 0 0 0 0 0 0 0 0 0 0 0 0 0 0 0 0 0 0 0 0 0 0 0 0 0 0 0 0 0 0 0 0 0 0 0 0 0 0 0 0 0 0 0 0 0 0 0 0 0 0"
BBBP,329,ifconfig
BBBP,330,ifconfig,"eth0      Link encap:Ethernet  HWaddr 6c:62:6d:38:33:a1  "
BBBP,331,ifconfig,"          inet addr:192.168.11.108  Bcast:192.168.11.255  Mask:255.255.255.0"
BBBP,332,ifconfig,"          inet6 addr: fe80::6e62:6dff:fe38:33a1/64 Scope:Link"
BBBP,333,ifconfig,"          UP BROADCAST RUNNING MULTICAST  MTU:1500  Metric:1"
BBBP,334,ifconfig,"          RX packets:2159220 errors:0 dropped:0 overruns:0 frame:0"
BBBP,335,ifconfig,"          TX packets:1160109 errors:0 dropped:0 overruns:0 carrier:0"
BBBP,336,ifconfig,"          collisions:0 txqueuelen:1000 "
BBBP,337,ifconfig,"          RX bytes:2799593262 (2.7 GB)  TX bytes:180773532 (180.7 MB)"
BBBP,338,ifconfig,"          Interrupt:80 Base address:0xc000 "
BBBP,339,ifconfig,""
BBBP,340,ifconfig,"eth1      Link encap:Ethernet  HWaddr 6c:62:6d:38:33:a0  "
BBBP,341,ifconfig,"          UP BROADCAST MULTICAST  MTU:1500  Metric:1"
BBBP,342,ifconfig,"          RX packets:0 errors:0 dropped:0 overruns:0 frame:0"
BBBP,343,ifconfig,"          TX packets:0 errors:0 dropped:0 overruns:0 carrier:0"
BBBP,344,ifconfig,"          collisions:0 txqueuelen:1000 "
BBBP,345,ifconfig,"          RX bytes:0 (0.0 B)  TX bytes:0 (0.0 B)"
BBBP,346,ifconfig,"          Interrupt:81 Base address:0xe000 "
BBBP,347,ifconfig,""
BBBP,348,ifconfig,"lo        Link encap:Local Loopback  "
BBBP,349,ifconfig,"          inet addr:127.0.0.1  Mask:255.0.0.0"
BBBP,350,ifconfig,"          inet6 addr: ::1/128 Scope:Host"
BBBP,351,ifconfig,"          UP LOOPBACK RUNNING  MTU:16436  Metric:1"
BBBP,352,ifconfig,"          RX packets:44362 errors:0 dropped:0 overruns:0 frame:0"
BBBP,353,ifconfig,"          TX packets:44362 errors:0 dropped:0 overruns:0 carrier:0"
BBBP,354,ifconfig,"          collisions:0 txqueuelen:0 "
BBBP,355,ifconfig,"          RX bytes:8587207 (8.5 MB)  TX bytes:8587207 (8.5 MB)"
BBBP,356,ifconfig,""
BBBP,357,ifconfig,"tun       Link encap:UNSPEC  HWaddr 00-00-00-00-00-00-00-00-00-00-00-00-00-00-00-00  "
BBBP,358,ifconfig,"          inet6 addr: 2001:5c0:1000:a::9bd/128 Scope:Global"
BBBP,359,ifconfig,"          UP POINTOPOINT RUNNING NOARP MULTICAST  MTU:1280  Metric:1"
BBBP,360,ifconfig,"          RX packets:157708 errors:0 dropped:0 overruns:0 frame:0"
BBBP,361,ifconfig,"          TX packets:109544 errors:0 dropped:0 overruns:0 carrier:0"
BBBP,362,ifconfig,"          collisions:0 txqueuelen:500 "
BBBP,363,ifconfig,"          RX bytes:146786761 (146.7 MB)  TX bytes:18998425 (18.9 MB)"
BBBP,364,ifconfig,""
BBBP,365,ifconfig,"vmnet1    Link encap:Ethernet  HWaddr 00:50:56:c0:00:01  "
BBBP,366,ifconfig,"          inet addr:172.16.13.1  Bcast:172.16.13.255  Mask:255.255.255.0"
BBBP,367,ifconfig,"          inet6 addr: fe80::250:56ff:fec0:1/64 Scope:Link"
BBBP,368,ifconfig,"          UP BROADCAST RUNNING MULTICAST  MTU:1500  Metric:1"
BBBP,369,ifconfig,"          RX packets:0 errors:0 dropped:0 overruns:0 frame:0"
BBBP,370,ifconfig,"          TX packets:1979 errors:0 dropped:0 overruns:0 carrier:0"
BBBP,371,ifconfig,"          collisions:0 txqueuelen:1000 "
BBBP,372,ifconfig,"          RX bytes:0 (0.0 B)  TX bytes:0 (0.0 B)"
BBBP,373,ifconfig,""
BBBP,374,ifconfig,"vmnet8    Link encap:Ethernet  HWaddr 00:50:56:c0:00:08  "
BBBP,375,ifconfig,"          inet addr:192.168.91.1  Bcast:192.168.91.255  Mask:255.255.255.0"
BBBP,376,ifconfig,"          inet6 addr: fe80::250:56ff:fec0:8/64 Scope:Link"
BBBP,377,ifconfig,"          UP BROADCAST RUNNING MULTICAST  MTU:1500  Metric:1"
BBBP,378,ifconfig,"          RX packets:0 errors:0 dropped:0 overruns:0 frame:0"
BBBP,379,ifconfig,"          TX packets:1979 errors:0 dropped:0 overruns:0 carrier:0"
BBBP,380,ifconfig,"          collisions:0 txqueuelen:1000 "
BBBP,381,ifconfig,"          RX bytes:0 (0.0 B)  TX bytes:0 (0.0 B)"
BBBP,382,ifconfig,""
BBBP,383,/bin/df-m
BBBP,384,/bin/df-m,"Filesystem         1M-blocks    Used Available Use% Mounted on"
BBBP,385,/bin/df-m,"ddev/sda1              98954   19121     74807  21% /"
BBBP,386,/bin/df-m,"udev                    7918       1      7918   1% /dev"
BBBP,387,/bin/df-m,"tmpfs                   3185       2      3184   1% /run"
BBBP,388,/bin/df-m,"none                       5       0         5   0% /run/lock"
BBBP,389,/bin/df-m,"none                    7962      25      7938   1% /run/shm"
BBBP,390,/bin/df-m,"ddev/sdb1             274716  242319     18443  93% /home"
BBBP,391,/bin/df-m,"ddev/mapper/secure   1877793 1131769    650638  64% /media/secure"
BBBP,392,/bin/mount
BBBP,393,/bin/mount,"ddev/sda1 on / type ext3 (rw,errors=remount-ro)"
BBBP,394,/bin/mount,"proc on /proc type proc (rw,noexec,nosuid,nodev)"
BBBP,395,/bin/mount,"sysfs on /sys type sysfs (rw,noexec,nosuid,nodev)"
BBBP,396,/bin/mount,"none on /sys/fs/fuse/connections type fusectl (rw)"
BBBP,397,/bin/mount,"none on /sys/kernel/debug type debugfs (rw)"
BBBP,398,/bin/mount,"none on /sys/kernel/security type securityfs (rw)"
BBBP,399,/bin/mount,"udev on /dev type devtmpfs (rw,mode=0755)"
BBBP,400,/bin/mount,"devpts on /dev/pts type devpts (rw,noexec,nosuid,gid=5,mode=0620)"
BBBP,401,/bin/mount,"tmpfs on /run type tmpfs (rw,noexec,nosuid,size=10%,mode=0755)"
BBBP,402,/bin/mount,"none on /run/lock type tmpfs (rw,noexec,nosuid,nodev,size=5242880)"
BBBP,403,/bin/mount,"none on /run/shm type tmpfs (rw,nosuid,nodev)"
BBBP,404,/bin/mount,"ddev/sdb1 on /home type ext3 (rw,user_xattr)"
BBBP,405,/bin/mount,"binfmt_misc on /proc/sys/fs/binfmt_misc type binfmt_misc (rw,noexec,nosuid,nodev)"
BBBP,406,/bin/mount,"rpc_pipefs on /run/rpc_pipefs type rpc_pipefs (rw)"
BBBP,407,/bin/mount,"vmware-vmblock on /run/vmblock-fuse type fuse.vmware-vmblock (rw,nosuid,nodev,default_permissions,allow_other)"
BBBP,408,/bin/mount,"nfsd on /proc/fs/nfsd type nfsd (rw)"
BBBP,409,/bin/mount,"gvfs-fuse-daemon on /home/madmaze/.gvfs type fuse.gvfs-fuse-daemon (rw,nosuid,nodev,user=madmaze)"
BBBP,410,/bin/mount,"ddev/mapper/secure on /media/secure type ext4 (rw)"
BBBP,411,/etc/fstab
BBBP,412,/etc/fstab,"# /etc/fstab: static file system information."
BBBP,413,/etc/fstab,"#"
BBBP,414,/etc/fstab,"# Use 'blkid -o value -s UUID' to print the universally unique identifier"
BBBP,415,/etc/fstab,"# for a device; this may be used with UUID= as a more robust way to name"
BBBP,416,/etc/fstab,"# devices that works even if disks are added and removed. See fstab(5)."
BBBP,417,/etc/fstab,"#"
BBBP,418,/etc/fstab,"# <file system> <mount point>   <type>  <options>       <dump>  <pass>"
BBBP,419,/etc/fstab,"proc            /proc           proc    nodev,noexec,nosuid 0       0"
BBBP,420,/etc/fstab,"# / was on /dev/sda2 during installation"
BBBP,421,/etc/fstab,"UUID=b39fd21d-3ae2-4f13-9afd-ca16375dfee9 /               ext3    errors=remount-ro 0       1"
BBBP,422,/etc/fstab,"# /home was on /dev/sda3 during installation"
BBBP,423,/etc/fstab,"UUID=dcfb1969-e516-405e-a3fa-b88e3b0bad47 /home           ext3    defaults,user_xattr        0       2"
BBBP,424,/etc/fstab,"# swap on SSD"
BBBP,425,/etc/fstab,"UUID=dcb56f85-5f16-46a9-8575-769291047062 none            swap    sw              0       0"
BBBP,426,/etc/fstab,"ddev/fd0        /media/floppy0  auto    rw,user,noauto,exec,utf8 0       0"
